label,url
home,https://20minutos.es
login,https://20minutos.es/login
login,https://20minutos.es/signin
login,https://20minutos.es/account/login
home,https://3ds.com
login,https://3ds.com/login
login,https://3ds.com/signin
login,https://3ds.com/account/login
home,https://4shared.com
login,https://4shared.com/login
login,https://4shared.com/signin
login,https://4shared.com/account/login
home,https://abc.com
login,https://abc.com/login
login,https://abc.com/signin
login,https://abc.com/account/login
home,https://abc.es
login,https://abc.es/login
login,https://abc.es/signin
login,https://abc.es/account/login
home,https://abc.net.au
login,https://abc.net.au/login
login,https://abc.net.au/signin
login,https://abc.net.au/account/login
home,https://abcnews.go.com
login,https://abcnews.go.com/login
login,https://abcnews.go.com/signin
login,https://abcnews.go.com/account/login
home,https://about.com
login,https://about.com/login
login,https://about.com/signin
login,https://about.com/account/login
home,https://aboutads.info
login,https://aboutads.info/login
login,https://aboutads.info/signin
login,https://aboutads.info/account/login
home,https://abril.com.br
login,https://abril.com.br/login
login,https://abril.com.br/signin
login,https://abril.com.br/account/login
home,https://academia.edu
login,https://academia.edu/login
login,https://academia.edu/signin
login,https://academia.edu/account/login
home,https://accounts.google.com
login,https://accounts.google.com/login
login,https://accounts.google.com/signin
login,https://accounts.google.com/account/login
home,https://addthis.com
login,https://addthis.com/login
login,https://addthis.com/signin
login,https://addthis.com/account/login
home,https://addtoany.com
login,https://addtoany.com/login
login,https://addtoany.com/signin
login,https://addtoany.com/account/login
home,https://adobe.com
login,https://adobe.com/login
login,https://adobe.com/signin
login,https://adobe.com/account/login
home,https://adssettings.google.com
login,https://adssettings.google.com/login
login,https://adssettings.google.com/signin
login,https://adssettings.google.com/account/login
home,https://afternic.com
login,https://afternic.com/login
login,https://afternic.com/signin
login,https://afternic.com/account/login
home,https://akamaihd.net
login,https://akamaihd.net/login
login,https://akamaihd.net/signin
login,https://akamaihd.net/account/login
home,https://alibaba.com
login,https://alibaba.com/login
login,https://alibaba.com/signin
login,https://alibaba.com/account/login
home,https://alicdn.com
login,https://alicdn.com/login
login,https://alicdn.com/signin
login,https://alicdn.com/account/login
home,https://aliexpress.com
login,https://aliexpress.com/login
login,https://aliexpress.com/signin
login,https://aliexpress.com/account/login
home,https://amazon.ca
login,https://amazon.ca/login
login,https://amazon.ca/signin
login,https://amazon.ca/account/login
home,https://amazon.co.jp
login,https://amazon.co.jp/login
login,https://amazon.co.jp/signin
login,https://amazon.co.jp/account/login
home,https://amazon.co.uk
login,https://amazon.co.uk/login
login,https://amazon.co.uk/signin
login,https://amazon.co.uk/account/login
home,https://amazon.com
login,https://amazon.com/login
login,https://amazon.com/signin
login,https://amazon.com/account/login
home,https://amazon.de
login,https://amazon.de/login
login,https://amazon.de/signin
login,https://amazon.de/account/login
home,https://amazon.es
login,https://amazon.es/login
login,https://amazon.es/signin
login,https://amazon.es/account/login
home,https://amazon.fr
login,https://amazon.fr/login
login,https://amazon.fr/signin
login,https://amazon.fr/account/login
home,https://amazon.it
login,https://amazon.it/login
login,https://amazon.it/signin
login,https://amazon.it/account/login
home,https://amazonaws.com
login,https://amazonaws.com/login
login,https://amazonaws.com/signin
login,https://amazonaws.com/account/login
home,https://amzn.to
login,https://amzn.to/login
login,https://amzn.to/signin
login,https://amzn.to/account/login
home,https://android.com
login,https://android.com/login
login,https://android.com/signin
login,https://android.com/account/login
home,https://answers.com
login,https://answers.com/login
login,https://answers.com/signin
login,https://answers.com/account/login
home,https://aol.com
login,https://aol.com/login
login,https://aol.com/signin
login,https://aol.com/account/login
home,https://ap.org
login,https://ap.org/login
login,https://ap.org/signin
login,https://ap.org/account/login
home,https://apache.org
login,https://apache.org/login
login,https://apache.org/signin
login,https://apache.org/account/login
home,https://apnews.com
login,https://apnews.com/login
login,https://apnews.com/signin
login,https://apnews.com/account/login
home,https://apple.com
login,https://apple.com/login
login,https://apple.com/signin
login,https://apple.com/account/login
home,https://archive.org
login,https://archive.org/login
login,https://archive.org/signin
login,https://archive.org/account/login
home,https://arxiv.org
login,https://arxiv.org/login
login,https://arxiv.org/signin
login,https://arxiv.org/account/login
home,https://as.com
login,https://as.com/login
login,https://as.com/signin
login,https://as.com/account/login
home,https://asus.com
login,https://asus.com/login
login,https://asus.com/signin
login,https://asus.com/account/login
home,https://azurefd.net
login,https://azurefd.net/login
login,https://azurefd.net/signin
login,https://azurefd.net/account/login
home,https://bandcamp.com
login,https://bandcamp.com/login
login,https://bandcamp.com/signin
login,https://bandcamp.com/account/login
home,https://bbc.co.uk
login,https://bbc.co.uk/login
login,https://bbc.co.uk/signin
login,https://bbc.co.uk/account/login
home,https://bbc.com
login,https://bbc.com/login
login,https://bbc.com/signin
login,https://bbc.com/account/login
home,https://behance.net
login,https://behance.net/login
login,https://behance.net/signin
login,https://behance.net/account/login
home,https://biblegateway.com
login,https://biblegateway.com/login
login,https://biblegateway.com/signin
login,https://biblegateway.com/account/login
home,https://billboard.com
login,https://billboard.com/login
login,https://billboard.com/signin
login,https://billboard.com/account/login
home,https://bing.com
login,https://bing.com/login
login,https://bing.com/signin
login,https://bing.com/account/login
home,https://bit.ly
login,https://bit.ly/login
login,https://bit.ly/signin
login,https://bit.ly/account/login
home,https://blog.fc2.com
login,https://blog.fc2.com/login
login,https://blog.fc2.com/signin
login,https://blog.fc2.com/account/login
home,https://bloglovin.com
login,https://bloglovin.com/login
login,https://bloglovin.com/signin
login,https://bloglovin.com/account/login
home,https://bloomberg.com
login,https://bloomberg.com/login
login,https://bloomberg.com/signin
login,https://bloomberg.com/account/login
home,https://bmj.com
login,https://bmj.com/login
login,https://bmj.com/signin
login,https://bmj.com/account/login
home,https://boe.es
login,https://boe.es/login
login,https://boe.es/signin
login,https://boe.es/account/login
home,https://booking.com
login,https://booking.com/login
login,https://booking.com/signin
login,https://booking.com/account/login
home,https://books.google.com
login,https://books.google.com/login
login,https://books.google.com/signin
login,https://books.google.com/account/login
home,https://box.com
login,https://box.com/login
login,https://box.com/signin
login,https://box.com/account/login
home,https://bp.blogspot.com
login,https://bp.blogspot.com/login
login,https://bp.blogspot.com/signin
login,https://bp.blogspot.com/account/login
home,https://bp0.blogger.com
login,https://bp0.blogger.com/login
login,https://bp0.blogger.com/signin
login,https://bp0.blogger.com/account/login
home,https://brandbucket.com
login,https://brandbucket.com/login
login,https://brandbucket.com/signin
login,https://brandbucket.com/account/login
home,https://britannica.com
login,https://britannica.com/login
login,https://britannica.com/signin
login,https://britannica.com/account/login
home,https://business.google.com
login,https://business.google.com/login
login,https://business.google.com/signin
login,https://business.google.com/account/login
home,https://businessinsider.com
login,https://businessinsider.com/login
login,https://businessinsider.com/signin
login,https://businessinsider.com/account/login
home,https://buydomains.com
login,https://buydomains.com/login
login,https://buydomains.com/signin
login,https://buydomains.com/account/login
home,https://buzzfeed.com
login,https://buzzfeed.com/login
login,https://buzzfeed.com/signin
login,https://buzzfeed.com/account/login
home,https://ca.gov
login,https://ca.gov/login
login,https://ca.gov/signin
login,https://ca.gov/account/login
home,https://calameo.com
login,https://calameo.com/login
login,https://calameo.com/signin
login,https://calameo.com/account/login
home,https://cambridge.org
login,https://cambridge.org/login
login,https://cambridge.org/signin
login,https://cambridge.org/account/login
home,https://canva.com
login,https://canva.com/login
login,https://canva.com/signin
login,https://canva.com/account/login
home,https://cbc.ca
login,https://cbc.ca/login
login,https://cbc.ca/signin
login,https://cbc.ca/account/login
home,https://cbsnews.com
login,https://cbsnews.com/login
login,https://cbsnews.com/signin
login,https://cbsnews.com/account/login
home,https://cdc.gov
login,https://cdc.gov/login
login,https://cdc.gov/signin
login,https://cdc.gov/account/login
home,https://change.org
login,https://change.org/login
login,https://change.org/signin
login,https://change.org/account/login
home,https://cisco.com
login,https://cisco.com/login
login,https://cisco.com/signin
login,https://cisco.com/account/login
home,https://clarin.com
login,https://clarin.com/login
login,https://clarin.com/signin
login,https://clarin.com/account/login
home,https://clickbank.net
login,https://clickbank.net/login
login,https://clickbank.net/signin
login,https://clickbank.net/account/login
home,https://cloud.google.com
login,https://cloud.google.com/login
login,https://cloud.google.com/signin
login,https://cloud.google.com/account/login
home,https://cloudflare.com
login,https://cloudflare.com/login
login,https://cloudflare.com/signin
login,https://cloudflare.com/account/login
home,https://cnbc.com
login,https://cnbc.com/login
login,https://cnbc.com/signin
login,https://cnbc.com/account/login
home,https://cnet.com
login,https://cnet.com/login
login,https://cnet.com/signin
login,https://cnet.com/account/login
home,https://cnn.com
login,https://cnn.com/login
login,https://cnn.com/signin
login,https://cnn.com/account/login
home,https://code.google.com
login,https://code.google.com/login
login,https://code.google.com/signin
login,https://code.google.com/account/login
home,https://coinmarketcap.com
login,https://coinmarketcap.com/login
login,https://coinmarketcap.com/signin
login,https://coinmarketcap.com/account/login
home,https://cointernet.com.co
login,https://cointernet.com.co/login
login,https://cointernet.com.co/signin
login,https://cointernet.com.co/account/login
home,https://cornell.edu
login,https://cornell.edu/login
login,https://cornell.edu/signin
login,https://cornell.edu/account/login
home,https://correios.com.br
login,https://correios.com.br/login
login,https://correios.com.br/signin
login,https://correios.com.br/account/login
home,https://cpanel.com
login,https://cpanel.com/login
login,https://cpanel.com/signin
login,https://cpanel.com/account/login
home,https://cpanel.net
login,https://cpanel.net/login
login,https://cpanel.net/signin
login,https://cpanel.net/account/login
home,https://creativecommons.org
login,https://creativecommons.org/login
login,https://creativecommons.org/signin
login,https://creativecommons.org/account/login
home,https://cutt.ly
login,https://cutt.ly/login
login,https://cutt.ly/signin
login,https://cutt.ly/account/login
home,https://dailymail.co.uk
login,https://dailymail.co.uk/login
login,https://dailymail.co.uk/signin
login,https://dailymail.co.uk/account/login
home,https://dailymotion.com
login,https://dailymotion.com/login
login,https://dailymotion.com/signin
login,https://dailymotion.com/account/login
home,https://dailystar.co.uk
login,https://dailystar.co.uk/login
login,https://dailystar.co.uk/signin
login,https://dailystar.co.uk/account/login
home,https://dan.com
login,https://dan.com/login
login,https://dan.com/signin
login,https://dan.com/account/login
home,https://de.wikipedia.org
login,https://de.wikipedia.org/login
login,https://de.wikipedia.org/signin
login,https://de.wikipedia.org/account/login
home,https://deezer.com
login,https://deezer.com/login
login,https://deezer.com/signin
login,https://deezer.com/account/login
home,https://detik.com
login,https://detik.com/login
login,https://detik.com/signin
login,https://detik.com/account/login
home,https://developers.google.com
login,https://developers.google.com/login
login,https://developers.google.com/signin
login,https://developers.google.com/account/login
home,https://dictionary.com
login,https://dictionary.com/login
login,https://dictionary.com/signin
login,https://dictionary.com/account/login
home,https://digitaltrends.com
login,https://digitaltrends.com/login
login,https://digitaltrends.com/signin
login,https://digitaltrends.com/account/login
home,https://discord.com
login,https://discord.com/login
login,https://discord.com/signin
login,https://discord.com/account/login
home,https://discord.gg
login,https://discord.gg/login
login,https://discord.gg/signin
login,https://discord.gg/account/login
home,https://disney.com
login,https://disney.com/login
login,https://disney.com/signin
login,https://disney.com/account/login
home,https://disqus.com
login,https://disqus.com/login
login,https://disqus.com/signin
login,https://disqus.com/account/login
home,https://docs.google.com
login,https://docs.google.com/login
login,https://docs.google.com/signin
login,https://docs.google.com/account/login
home,https://doi.org
login,https://doi.org/login
login,https://doi.org/signin
login,https://doi.org/account/login
home,https://domainmarket.com
login,https://domainmarket.com/login
login,https://domainmarket.com/signin
login,https://domainmarket.com/account/login
home,https://doubleclick.net
login,https://doubleclick.net/login
login,https://doubleclick.net/signin
login,https://doubleclick.net/account/login
home,https://draft.blogger.com
login,https://draft.blogger.com/login
login,https://draft.blogger.com/signin
login,https://draft.blogger.com/account/login
home,https://dreamstime.com
login,https://dreamstime.com/login
login,https://dreamstime.com/signin
login,https://dreamstime.com/account/login
home,https://drive.google.com
login,https://drive.google.com/login
login,https://drive.google.com/signin
login,https://drive.google.com/account/login
home,https://dropbox.com
login,https://dropbox.com/login
login,https://dropbox.com/signin
login,https://dropbox.com/account/login
home,https://dropcatch.com
login,https://dropcatch.com/login
login,https://dropcatch.com/signin
login,https://dropcatch.com/account/login
home,https://dw.com
login,https://dw.com/login
login,https://dw.com/signin
login,https://dw.com/account/login
home,https://ea.com
login,https://ea.com/login
login,https://ea.com/signin
login,https://ea.com/account/login
home,https://ebay.com
login,https://ebay.com/login
login,https://ebay.com/signin
login,https://ebay.com/account/login
home,https://ebay.de
login,https://ebay.de/login
login,https://ebay.de/signin
login,https://ebay.de/account/login
home,https://economist.com
login,https://economist.com/login
login,https://economist.com/signin
login,https://economist.com/account/login
home,https://ehow.com
login,https://ehow.com/login
login,https://ehow.com/signin
login,https://ehow.com/account/login
home,https://elmundo.es
login,https://elmundo.es/login
login,https://elmundo.es/signin
login,https://elmundo.es/account/login
home,https://elpais.com
login,https://elpais.com/login
login,https://elpais.com/signin
login,https://elpais.com/account/login
home,https://en.wikipedia.org
login,https://en.wikipedia.org/login
login,https://en.wikipedia.org/signin
login,https://en.wikipedia.org/account/login
home,https://enable-javascript.com
login,https://enable-javascript.com/login
login,https://enable-javascript.com/signin
login,https://enable-javascript.com/account/login
home,https://engadget.com
login,https://engadget.com/login
login,https://engadget.com/signin
login,https://engadget.com/account/login
home,https://eonline.com
login,https://eonline.com/login
login,https://eonline.com/signin
login,https://eonline.com/account/login
home,https://es.wikipedia.org
login,https://es.wikipedia.org/login
login,https://es.wikipedia.org/signin
login,https://es.wikipedia.org/account/login
home,https://espn.com
login,https://espn.com/login
login,https://espn.com/signin
login,https://espn.com/account/login
home,https://estadao.com.br
login,https://estadao.com.br/login
login,https://estadao.com.br/signin
login,https://estadao.com.br/account/login
home,https://etsy.com
login,https://etsy.com/login
login,https://etsy.com/signin
login,https://etsy.com/account/login
home,https://euronews.com
login,https://euronews.com/login
login,https://euronews.com/signin
login,https://euronews.com/account/login
home,https://europa.eu
login,https://europa.eu/login
login,https://europa.eu/signin
login,https://europa.eu/account/login
home,https://eventbrite.com
login,https://eventbrite.com/login
login,https://eventbrite.com/signin
login,https://eventbrite.com/account/login
home,https://evernote.com
login,https://evernote.com/login
login,https://evernote.com/signin
login,https://evernote.com/account/login
home,https://ew.com
login,https://ew.com/login
login,https://ew.com/signin
login,https://ew.com/account/login
home,https://example.com
login,https://example.com/login
login,https://example.com/signin
login,https://example.com/account/login
home,https://express.co.uk
login,https://express.co.uk/login
login,https://express.co.uk/signin
login,https://express.co.uk/account/login
home,https://facebook.com
login,https://facebook.com/login
login,https://facebook.com/signin
login,https://facebook.com/account/login
home,https://fandom.com
login,https://fandom.com/login
login,https://fandom.com/signin
login,https://fandom.com/account/login
home,https://fb.com
login,https://fb.com/login
login,https://fb.com/signin
login,https://fb.com/account/login
home,https://fb.me
login,https://fb.me/login
login,https://fb.me/signin
login,https://fb.me/account/login
home,https://fda.gov
login,https://fda.gov/login
login,https://fda.gov/signin
login,https://fda.gov/account/login
home,https://feedburner.com
login,https://feedburner.com/login
login,https://feedburner.com/signin
login,https://feedburner.com/account/login
home,https://fifa.com
login,https://fifa.com/login
login,https://fifa.com/signin
login,https://fifa.com/account/login
home,https://files.wordpress.com
login,https://files.wordpress.com/login
login,https://files.wordpress.com/signin
login,https://files.wordpress.com/account/login
home,https://finance.yahoo.com
login,https://finance.yahoo.com/login
login,https://finance.yahoo.com/signin
login,https://finance.yahoo.com/account/login
home,https://focus.de
login,https://focus.de/login
login,https://focus.de/signin
login,https://focus.de/account/login
home,https://forbes.com
login,https://forbes.com/login
login,https://forbes.com/signin
login,https://forbes.com/account/login
home,https://forms.gle
login,https://forms.gle/login
login,https://forms.gle/signin
login,https://forms.gle/account/login
home,https://fortune.com
login,https://fortune.com/login
login,https://fortune.com/signin
login,https://fortune.com/account/login
home,https://foxnews.com
login,https://foxnews.com/login
login,https://foxnews.com/signin
login,https://foxnews.com/account/login
home,https://fr.wikipedia.org
login,https://fr.wikipedia.org/login
login,https://fr.wikipedia.org/signin
login,https://fr.wikipedia.org/account/login
home,https://francetvinfo.fr
login,https://francetvinfo.fr/login
login,https://francetvinfo.fr/signin
login,https://francetvinfo.fr/account/login
home,https://ft.com
login,https://ft.com/login
login,https://ft.com/signin
login,https://ft.com/account/login
home,https://ftc.gov
login,https://ftc.gov/login
login,https://ftc.gov/signin
login,https://ftc.gov/account/login
home,https://g.co
login,https://g.co/login
login,https://g.co/signin
login,https://g.co/account/login
home,https://gamespot.com
login,https://gamespot.com/login
login,https://gamespot.com/signin
login,https://gamespot.com/account/login
home,https://get.google.com
login,https://get.google.com/login
login,https://get.google.com/signin
login,https://get.google.com/account/login
home,https://getbootstrap.com
login,https://getbootstrap.com/login
login,https://getbootstrap.com/signin
login,https://getbootstrap.com/account/login
home,https://ggpht.com
login,https://ggpht.com/login
login,https://ggpht.com/signin
login,https://ggpht.com/account/login
home,https://github.com
login,https://github.com/login
login,https://github.com/signin
login,https://github.com/account/login
home,https://gizmodo.com
login,https://gizmodo.com/login
login,https://gizmodo.com/signin
login,https://gizmodo.com/account/login
home,https://globo.com
login,https://globo.com/login
login,https://globo.com/signin
login,https://globo.com/account/login
home,https://gmail.com
login,https://gmail.com/login
login,https://gmail.com/signin
login,https://gmail.com/account/login
home,https://gnu.org
login,https://gnu.org/login
login,https://gnu.org/signin
login,https://gnu.org/account/login
home,https://go.co
login,https://go.co/login
login,https://go.co/signin
login,https://go.co/account/login
home,https://goal.com
login,https://goal.com/login
login,https://goal.com/signin
login,https://goal.com/account/login
home,https://godaddy.com
login,https://godaddy.com/login
login,https://godaddy.com/signin
login,https://godaddy.com/account/login
home,https://gofundme.com
login,https://gofundme.com/login
login,https://gofundme.com/signin
login,https://gofundme.com/account/login
home,https://goo.gl
login,https://goo.gl/login
login,https://goo.gl/signin
login,https://goo.gl/account/login
home,https://goodreads.com
login,https://goodreads.com/login
login,https://goodreads.com/signin
login,https://goodreads.com/account/login
home,https://google.co.id
login,https://google.co.id/login
login,https://google.co.id/signin
login,https://google.co.id/account/login
home,https://google.co.jp
login,https://google.co.jp/login
login,https://google.co.jp/signin
login,https://google.co.jp/account/login
home,https://google.co.uk
login,https://google.co.uk/login
login,https://google.co.uk/signin
login,https://google.co.uk/account/login
home,https://google.com.br
login,https://google.com.br/login
login,https://google.com.br/signin
login,https://google.com.br/account/login
home,https://google.de
login,https://google.de/login
login,https://google.de/signin
login,https://google.de/account/login
home,https://google.es
login,https://google.es/login
login,https://google.es/signin
login,https://google.es/account/login
home,https://google.fr
login,https://google.fr/login
login,https://google.fr/signin
login,https://google.fr/account/login
home,https://google.it
login,https://google.it/login
login,https://google.it/signin
login,https://google.it/account/login
home,https://google.nl
login,https://google.nl/login
login,https://google.nl/signin
login,https://google.nl/account/login
home,https://google.pl
login,https://google.pl/login
login,https://google.pl/signin
login,https://google.pl/account/login
home,https://google.ru
login,https://google.ru/login
login,https://google.ru/signin
login,https://google.ru/account/login
home,https://googleblog.com
login,https://googleblog.com/login
login,https://googleblog.com/signin
login,https://googleblog.com/account/login
home,https://googleusercontent.com
login,https://googleusercontent.com/login
login,https://googleusercontent.com/signin
login,https://googleusercontent.com/account/login
home,https://gravatar.com
login,https://gravatar.com/login
login,https://gravatar.com/signin
login,https://gravatar.com/account/login
home,https://groups.google.com
login,https://groups.google.com/login
login,https://groups.google.com/signin
login,https://groups.google.com/account/login
home,https://groups.yahoo.com
login,https://groups.yahoo.com/login
login,https://groups.yahoo.com/signin
login,https://groups.yahoo.com/account/login
home,https://gstatic.com
login,https://gstatic.com/login
login,https://gstatic.com/signin
login,https://gstatic.com/account/login
home,https://guardian.co.uk
login,https://guardian.co.uk/login
login,https://guardian.co.uk/signin
login,https://guardian.co.uk/account/login
home,https://harvard.edu
login,https://harvard.edu/login
login,https://harvard.edu/signin
login,https://harvard.edu/account/login
home,https://hatena.ne.jp
login,https://hatena.ne.jp/login
login,https://hatena.ne.jp/signin
login,https://hatena.ne.jp/account/login
home,https://hbr.org
login,https://hbr.org/login
login,https://hbr.org/signin
login,https://hbr.org/account/login
home,https://hilton.com
login,https://hilton.com/login
login,https://hilton.com/signin
login,https://hilton.com/account/login
home,https://hindustantimes.com
login,https://hindustantimes.com/login
login,https://hindustantimes.com/signin
login,https://hindustantimes.com/account/login
home,https://hm.com
login,https://hm.com/login
login,https://hm.com/signin
login,https://hm.com/account/login
home,https://hollywoodreporter.com
login,https://hollywoodreporter.com/login
login,https://hollywoodreporter.com/signin
login,https://hollywoodreporter.com/account/login
home,https://home.pl
login,https://home.pl/login
login,https://home.pl/signin
login,https://home.pl/account/login
home,https://hotmart.com
login,https://hotmart.com/login
login,https://hotmart.com/signin
login,https://hotmart.com/account/login
home,https://hp.com
login,https://hp.com/login
login,https://hp.com/signin
login,https://hp.com/account/login
home,https://huawei.com
login,https://huawei.com/login
login,https://huawei.com/signin
login,https://huawei.com/account/login
home,https://hubspot.com
login,https://hubspot.com/login
login,https://hubspot.com/signin
login,https://hubspot.com/account/login
home,https://huffingtonpost.com
login,https://huffingtonpost.com/login
login,https://huffingtonpost.com/signin
login,https://huffingtonpost.com/account/login
home,https://huffpost.com
login,https://huffpost.com/login
login,https://huffpost.com/signin
login,https://huffpost.com/account/login
home,https://hugedomains.com
login,https://hugedomains.com/login
login,https://hugedomains.com/signin
login,https://hugedomains.com/account/login
home,https://ibm.com
login,https://ibm.com/login
login,https://ibm.com/signin
login,https://ibm.com/account/login
home,https://icann.org
login,https://icann.org/login
login,https://icann.org/signin
login,https://icann.org/account/login
home,https://id.wikipedia.org
login,https://id.wikipedia.org/login
login,https://id.wikipedia.org/signin
login,https://id.wikipedia.org/account/login
home,https://ieee.org
login,https://ieee.org/login
login,https://ieee.org/signin
login,https://ieee.org/account/login
home,https://ig.com.br
login,https://ig.com.br/login
login,https://ig.com.br/signin
login,https://ig.com.br/account/login
home,https://ign.com
login,https://ign.com/login
login,https://ign.com/signin
login,https://ign.com/account/login
home,https://ikea.com
login,https://ikea.com/login
login,https://ikea.com/signin
login,https://ikea.com/account/login
home,https://imageshack.com
login,https://imageshack.com/login
login,https://imageshack.com/signin
login,https://imageshack.com/account/login
home,https://imageshack.us
login,https://imageshack.us/login
login,https://imageshack.us/signin
login,https://imageshack.us/account/login
home,https://imdb.com
login,https://imdb.com/login
login,https://imdb.com/signin
login,https://imdb.com/account/login
home,https://imgur.com
login,https://imgur.com/login
login,https://imgur.com/signin
login,https://imgur.com/account/login
home,https://impress.co.jp
login,https://impress.co.jp/login
login,https://impress.co.jp/signin
login,https://impress.co.jp/account/login
home,https://independent.co.uk
login,https://independent.co.uk/login
login,https://independent.co.uk/signin
login,https://independent.co.uk/account/login
home,https://indiatimes.com
login,https://indiatimes.com/login
login,https://indiatimes.com/signin
login,https://indiatimes.com/account/login
home,https://insider.com
login,https://insider.com/login
login,https://insider.com/signin
login,https://insider.com/account/login
home,https://instagram.com
login,https://instagram.com/login
login,https://instagram.com/signin
login,https://instagram.com/account/login
home,https://instructables.com
login,https://instructables.com/login
login,https://instructables.com/signin
login,https://instructables.com/account/login
home,https://investopedia.com
login,https://investopedia.com/login
login,https://investopedia.com/signin
login,https://investopedia.com/account/login
home,https://ipv4.google.com
login,https://ipv4.google.com/login
login,https://ipv4.google.com/signin
login,https://ipv4.google.com/account/login
home,https://iso.org
login,https://iso.org/login
login,https://iso.org/signin
login,https://iso.org/account/login
home,https://issuu.com
login,https://issuu.com/login
login,https://issuu.com/signin
login,https://issuu.com/account/login
home,https://istockphoto.com
login,https://istockphoto.com/login
login,https://istockphoto.com/signin
login,https://istockphoto.com/account/login
home,https://it.wikipedia.org
login,https://it.wikipedia.org/login
login,https://it.wikipedia.org/signin
login,https://it.wikipedia.org/account/login
home,https://itmedia.co.jp
login,https://itmedia.co.jp/login
login,https://itmedia.co.jp/signin
login,https://itmedia.co.jp/account/login
home,https://ja.wikipedia.org
login,https://ja.wikipedia.org/login
login,https://ja.wikipedia.org/signin
login,https://ja.wikipedia.org/account/login
home,https://jimdofree.com
login,https://jimdofree.com/login
login,https://jimdofree.com/signin
login,https://jimdofree.com/account/login
home,https://kickstarter.com
login,https://kickstarter.com/login
login,https://kickstarter.com/signin
login,https://kickstarter.com/account/login
home,https://kompas.com
login,https://kompas.com/login
login,https://kompas.com/signin
login,https://kompas.com/account/login
home,https://last.fm
login,https://last.fm/login
login,https://last.fm/signin
login,https://last.fm/account/login
home,https://latimes.com
login,https://latimes.com/login
login,https://latimes.com/signin
login,https://latimes.com/account/login
home,https://lavanguardia.com
login,https://lavanguardia.com/login
login,https://lavanguardia.com/signin
login,https://lavanguardia.com/account/login
home,https://lazada.co.id
login,https://lazada.co.id/login
login,https://lazada.co.id/signin
login,https://lazada.co.id/account/login
home,https://lefigaro.fr
login,https://lefigaro.fr/login
login,https://lefigaro.fr/signin
login,https://lefigaro.fr/account/login
home,https://lemonde.fr
login,https://lemonde.fr/login
login,https://lemonde.fr/signin
login,https://lemonde.fr/account/login
home,https://leparisien.fr
login,https://leparisien.fr/login
login,https://leparisien.fr/signin
login,https://leparisien.fr/account/login
home,https://lexpress.fr
login,https://lexpress.fr/login
login,https://lexpress.fr/signin
login,https://lexpress.fr/account/login
home,https://lg.com
login,https://lg.com/login
login,https://lg.com/signin
login,https://lg.com/account/login
home,https://lifehacker.com
login,https://lifehacker.com/login
login,https://lifehacker.com/signin
login,https://lifehacker.com/account/login
home,https://line.me
login,https://line.me/login
login,https://line.me/signin
login,https://line.me/account/login
home,https://linkedin.com
login,https://linkedin.com/login
login,https://linkedin.com/signin
login,https://linkedin.com/account/login
home,https://linktr.ee
login,https://linktr.ee/login
login,https://linktr.ee/signin
login,https://linktr.ee/account/login
home,https://list-manage.com
login,https://list-manage.com/login
login,https://list-manage.com/signin
login,https://list-manage.com/account/login
home,https://live.com
login,https://live.com/login
login,https://live.com/signin
login,https://live.com/account/login
home,https://liveinternet.ru
login,https://liveinternet.ru/login
login,https://liveinternet.ru/signin
login,https://liveinternet.ru/account/login
home,https://loc.gov
login,https://loc.gov/login
login,https://loc.gov/signin
login,https://loc.gov/account/login
home,https://m.me
login,https://m.me/login
login,https://m.me/signin
login,https://m.me/account/login
home,https://m.wikipedia.org
login,https://m.wikipedia.org/login
login,https://m.wikipedia.org/signin
login,https://m.wikipedia.org/account/login
home,https://mail.google.com
login,https://mail.google.com/login
login,https://mail.google.com/signin
login,https://mail.google.com/account/login
home,https://mail.ru
login,https://mail.ru/login
login,https://mail.ru/signin
login,https://mail.ru/account/login
home,https://maps.google.com
login,https://maps.google.com/login
login,https://maps.google.com/signin
login,https://maps.google.com/account/login
home,https://marca.com
login,https://marca.com/login
login,https://marca.com/signin
login,https://marca.com/account/login
home,https://marthastewart.com
login,https://marthastewart.com/login
login,https://marthastewart.com/signin
login,https://marthastewart.com/account/login
home,https://mashable.com
login,https://mashable.com/login
login,https://mashable.com/signin
login,https://mashable.com/account/login
home,https://mediafire.com
login,https://mediafire.com/login
login,https://mediafire.com/signin
login,https://mediafire.com/account/login
home,https://medicalnewstoday.com
login,https://medicalnewstoday.com/login
login,https://medicalnewstoday.com/signin
login,https://medicalnewstoday.com/account/login
home,https://medium.com
login,https://medium.com/login
login,https://medium.com/signin
login,https://medium.com/account/login
home,https://mega.nz
login,https://mega.nz/login
login,https://mega.nz/signin
login,https://mega.nz/account/login
home,https://merriam-webster.com
login,https://merriam-webster.com/login
login,https://merriam-webster.com/signin
login,https://merriam-webster.com/account/login
home,https://messenger.com
login,https://messenger.com/login
login,https://messenger.com/signin
login,https://messenger.com/account/login
home,https://metro.co.uk
login,https://metro.co.uk/login
login,https://metro.co.uk/signin
login,https://metro.co.uk/account/login
home,https://microsoft.com
login,https://microsoft.com/login
login,https://microsoft.com/signin
login,https://microsoft.com/account/login
home,https://miit.gov.cn
login,https://miit.gov.cn/login
login,https://miit.gov.cn/signin
login,https://miit.gov.cn/account/login
home,https://mirror.co.uk
login,https://mirror.co.uk/login
login,https://mirror.co.uk/signin
login,https://mirror.co.uk/account/login
home,https://mit.edu
login,https://mit.edu/login
login,https://mit.edu/signin
login,https://mit.edu/account/login
home,https://mozilla.com
login,https://mozilla.com/login
login,https://mozilla.com/signin
login,https://mozilla.com/account/login
home,https://mozilla.org
login,https://mozilla.org/login
login,https://mozilla.org/signin
login,https://mozilla.org/account/login
home,https://msn.com
login,https://msn.com/login
login,https://msn.com/signin
login,https://msn.com/account/login
home,https://my.yahoo.com
login,https://my.yahoo.com/login
login,https://my.yahoo.com/signin
login,https://my.yahoo.com/account/login
home,https://myaccount.google.com
login,https://myaccount.google.com/login
login,https://myaccount.google.com/signin
login,https://myaccount.google.com/account/login
home,https://mynavi.jp
login,https://mynavi.jp/login
login,https://mynavi.jp/signin
login,https://mynavi.jp/account/login
home,https://myspace.com
login,https://myspace.com/login
login,https://myspace.com/signin
login,https://myspace.com/account/login
home,https://mystrikingly.com
login,https://mystrikingly.com/login
login,https://mystrikingly.com/signin
login,https://mystrikingly.com/account/login
home,https://namebright.com
login,https://namebright.com/login
login,https://namebright.com/signin
login,https://namebright.com/account/login
home,https://namecheap.com
login,https://namecheap.com/login
login,https://namecheap.com/signin
login,https://namecheap.com/account/login
home,https://nasa.gov
login,https://nasa.gov/login
login,https://nasa.gov/signin
login,https://nasa.gov/account/login
home,https://nationalgeographic.com
login,https://nationalgeographic.com/login
login,https://nationalgeographic.com/signin
login,https://nationalgeographic.com/account/login
home,https://nature.com
login,https://nature.com/login
login,https://nature.com/signin
login,https://nature.com/account/login
home,https://naver.com
login,https://naver.com/login
login,https://naver.com/signin
login,https://naver.com/account/login
home,https://naver.jp
login,https://naver.jp/login
login,https://naver.jp/signin
login,https://naver.jp/account/login
home,https://nbcnews.com
login,https://nbcnews.com/login
login,https://nbcnews.com/signin
login,https://nbcnews.com/account/login
home,https://ndtv.com
login,https://ndtv.com/login
login,https://ndtv.com/signin
login,https://ndtv.com/account/login
home,https://netflix.com
login,https://netflix.com/login
login,https://netflix.com/signin
login,https://netflix.com/account/login
home,https://netlify.app
login,https://netlify.app/login
login,https://netlify.app/signin
login,https://netlify.app/account/login
home,https://netvibes.com
login,https://netvibes.com/login
login,https://netvibes.com/signin
login,https://netvibes.com/account/login
home,https://networkadvertising.org
login,https://networkadvertising.org/login
login,https://networkadvertising.org/signin
login,https://networkadvertising.org/account/login
home,https://news.com.au
login,https://news.com.au/login
login,https://news.com.au/signin
login,https://news.com.au/account/login
home,https://news.google.com
login,https://news.google.com/login
login,https://news.google.com/signin
login,https://news.google.com/account/login
home,https://news.yahoo.com
login,https://news.yahoo.com/login
login,https://news.yahoo.com/signin
login,https://news.yahoo.com/account/login
home,https://newsweek.com
login,https://newsweek.com/login
login,https://newsweek.com/signin
login,https://newsweek.com/account/login
home,https://nfl.com
login,https://nfl.com/login
login,https://nfl.com/signin
login,https://nfl.com/account/login
home,https://nginx.com
login,https://nginx.com/login
login,https://nginx.com/signin
login,https://nginx.com/account/login
home,https://nginx.org
login,https://nginx.org/login
login,https://nginx.org/signin
login,https://nginx.org/account/login
home,https://nhk.or.jp
login,https://nhk.or.jp/login
login,https://nhk.or.jp/signin
login,https://nhk.or.jp/account/login
home,https://nicovideo.jp
login,https://nicovideo.jp/login
login,https://nicovideo.jp/signin
login,https://nicovideo.jp/account/login
home,https://nicsell.com
login,https://nicsell.com/login
login,https://nicsell.com/signin
login,https://nicsell.com/account/login
home,https://nih.gov
login,https://nih.gov/login
login,https://nih.gov/signin
login,https://nih.gov/account/login
home,https://nintendo.com
login,https://nintendo.com/login
login,https://nintendo.com/signin
login,https://nintendo.com/account/login
home,https://nokia.com
login,https://nokia.com/login
login,https://nokia.com/signin
login,https://nokia.com/account/login
home,https://npr.org
login,https://npr.org/login
login,https://npr.org/signin
login,https://npr.org/account/login
home,https://nvidia.com
login,https://nvidia.com/login
login,https://nvidia.com/signin
login,https://nvidia.com/account/login
home,https://nydailynews.com
login,https://nydailynews.com/login
login,https://nydailynews.com/signin
login,https://nydailynews.com/account/login
home,https://nypost.com
login,https://nypost.com/login
login,https://nypost.com/signin
login,https://nypost.com/account/login
home,https://nytimes.com
login,https://nytimes.com/login
login,https://nytimes.com/signin
login,https://nytimes.com/account/login
home,https://office.com
login,https://office.com/login
login,https://office.com/signin
login,https://office.com/account/login
home,https://offset.com
login,https://offset.com/login
login,https://offset.com/signin
login,https://offset.com/account/login
home,https://ok.ru
login,https://ok.ru/login
login,https://ok.ru/signin
login,https://ok.ru/account/login
home,https://opera.com
login,https://opera.com/login
login,https://opera.com/signin
login,https://opera.com/account/login
home,https://oracle.com
login,https://oracle.com/login
login,https://oracle.com/signin
login,https://oracle.com/account/login
home,https://ouest-france.fr
login,https://ouest-france.fr/login
login,https://ouest-france.fr/signin
login,https://ouest-france.fr/account/login
home,https://oup.com
login,https://oup.com/login
login,https://oup.com/signin
login,https://oup.com/account/login
home,https://outlook.com
login,https://outlook.com/login
login,https://outlook.com/signin
login,https://outlook.com/account/login
home,https://ovh.com
login,https://ovh.com/login
login,https://ovh.com/signin
login,https://ovh.com/account/login
home,https://ovh.net
login,https://ovh.net/login
login,https://ovh.net/signin
login,https://ovh.net/account/login
home,https://ovhcloud.com
login,https://ovhcloud.com/login
login,https://ovhcloud.com/signin
login,https://ovhcloud.com/account/login
home,https://paypal.com
login,https://paypal.com/login
login,https://paypal.com/signin
login,https://paypal.com/account/login
home,https://pbs.org
login,https://pbs.org/login
login,https://pbs.org/signin
login,https://pbs.org/account/login
home,https://pcmag.com
login,https://pcmag.com/login
login,https://pcmag.com/signin
login,https://pcmag.com/account/login
home,https://perfectdomain.com
login,https://perfectdomain.com/login
login,https://perfectdomain.com/signin
login,https://perfectdomain.com/account/login
home,https://pexels.com
login,https://pexels.com/login
login,https://pexels.com/signin
login,https://pexels.com/account/login
home,https://photobucket.com
login,https://photobucket.com/login
login,https://photobucket.com/signin
login,https://photobucket.com/account/login
home,https://photos.google.com
login,https://photos.google.com/login
login,https://photos.google.com/signin
login,https://photos.google.com/account/login
home,https://photos1.blogger.com
login,https://photos1.blogger.com/login
login,https://photos1.blogger.com/signin
login,https://photos1.blogger.com/account/login
home,https://php.net
login,https://php.net/login
login,https://php.net/signin
login,https://php.net/account/login
home,https://picasa.google.com
login,https://picasa.google.com/login
login,https://picasa.google.com/signin
login,https://picasa.google.com/account/login
home,https://picasaweb.google.com
login,https://picasaweb.google.com/login
login,https://picasaweb.google.com/signin
login,https://picasaweb.google.com/account/login
home,https://pinterest.com
login,https://pinterest.com/login
login,https://pinterest.com/signin
login,https://pinterest.com/account/login
home,https://pixabay.com
login,https://pixabay.com/login
login,https://pixabay.com/signin
login,https://pixabay.com/account/login
home,https://pl.wikipedia.org
login,https://pl.wikipedia.org/login
login,https://pl.wikipedia.org/signin
login,https://pl.wikipedia.org/account/login
home,https://planalto.gov.br
login,https://planalto.gov.br/login
login,https://planalto.gov.br/signin
login,https://planalto.gov.br/account/login
home,https://play.google.com
login,https://play.google.com/login
login,https://play.google.com/signin
login,https://play.google.com/account/login
home,https://playstation.com
login,https://playstation.com/login
login,https://playstation.com/signin
login,https://playstation.com/account/login
home,https://plesk.com
login,https://plesk.com/login
login,https://plesk.com/signin
login,https://plesk.com/account/login
home,https://plos.org
login,https://plos.org/login
login,https://plos.org/signin
login,https://plos.org/account/login
home,https://plus.google.com
login,https://plus.google.com/login
login,https://plus.google.com/signin
login,https://plus.google.com/account/login
home,https://policies.google.com
login,https://policies.google.com/login
login,https://policies.google.com/signin
login,https://policies.google.com/account/login
home,https://politico.com
login,https://politico.com/login
login,https://politico.com/signin
login,https://politico.com/account/login
home,https://princeton.edu
login,https://princeton.edu/login
login,https://princeton.edu/signin
login,https://princeton.edu/account/login
home,https://privacyshield.gov
login,https://privacyshield.gov/login
login,https://privacyshield.gov/signin
login,https://privacyshield.gov/account/login
home,https://psychologytoday.com
login,https://psychologytoday.com/login
login,https://psychologytoday.com/signin
login,https://psychologytoday.com/account/login
home,https://pt.wikipedia.org
login,https://pt.wikipedia.org/login
login,https://pt.wikipedia.org/signin
login,https://pt.wikipedia.org/account/login
home,https://public-api.wordpress.com
login,https://public-api.wordpress.com/login
login,https://public-api.wordpress.com/signin
login,https://public-api.wordpress.com/account/login
home,https://qq.com
login,https://qq.com/login
login,https://qq.com/signin
login,https://qq.com/account/login
home,https://quora.com
login,https://quora.com/login
login,https://quora.com/signin
login,https://quora.com/account/login
home,https://qz.com
login,https://qz.com/login
login,https://qz.com/signin
login,https://qz.com/account/login
home,https://radiofrance.fr
login,https://radiofrance.fr/login
login,https://radiofrance.fr/signin
login,https://radiofrance.fr/account/login
home,https://rakuten.co.jp
login,https://rakuten.co.jp/login
login,https://rakuten.co.jp/signin
login,https://rakuten.co.jp/account/login
home,https://rambler.ru
login,https://rambler.ru/login
login,https://rambler.ru/signin
login,https://rambler.ru/account/login
home,https://rapidshare.com
login,https://rapidshare.com/login
login,https://rapidshare.com/signin
login,https://rapidshare.com/account/login
home,https://redbull.com
login,https://redbull.com/login
login,https://redbull.com/signin
login,https://redbull.com/account/login
home,https://redhat.com
login,https://redhat.com/login
login,https://redhat.com/signin
login,https://redhat.com/account/login
home,https://reg.ru
login,https://reg.ru/login
login,https://reg.ru/signin
login,https://reg.ru/account/login
home,https://repubblica.it
login,https://repubblica.it/login
login,https://repubblica.it/signin
login,https://repubblica.it/account/login
home,https://researchgate.net
login,https://researchgate.net/login
login,https://researchgate.net/signin
login,https://researchgate.net/account/login
home,https://reuters.com
login,https://reuters.com/login
login,https://reuters.com/signin
login,https://reuters.com/account/login
home,https://ria.ru
login,https://ria.ru/login
login,https://ria.ru/signin
login,https://ria.ru/account/login
home,https://rt.com
login,https://rt.com/login
login,https://rt.com/signin
login,https://rt.com/account/login
home,https://rtve.es
login,https://rtve.es/login
login,https://rtve.es/signin
login,https://rtve.es/account/login
home,https://ru.wikipedia.org
login,https://ru.wikipedia.org/login
login,https://ru.wikipedia.org/signin
login,https://ru.wikipedia.org/account/login
home,https://safety.google
login,https://safety.google/login
login,https://safety.google/signin
login,https://safety.google/account/login
home,https://sakura.ne.jp
login,https://sakura.ne.jp/login
login,https://sakura.ne.jp/signin
login,https://sakura.ne.jp/account/login
home,https://samsung.com
login,https://samsung.com/login
login,https://samsung.com/signin
login,https://samsung.com/account/login
home,https://sapo.pt
login,https://sapo.pt/login
login,https://sapo.pt/signin
login,https://sapo.pt/account/login
home,https://scholar.google.com
login,https://scholar.google.com/login
login,https://scholar.google.com/signin
login,https://scholar.google.com/account/login
home,https://sciencedaily.com
login,https://sciencedaily.com/login
login,https://sciencedaily.com/signin
login,https://sciencedaily.com/account/login
home,https://sciencedirect.com
login,https://sciencedirect.com/login
login,https://sciencedirect.com/signin
login,https://sciencedirect.com/account/login
home,https://scientificamerican.com
login,https://scientificamerican.com/login
login,https://scientificamerican.com/signin
login,https://scientificamerican.com/account/login
home,https://scoop.it
login,https://scoop.it/login
login,https://scoop.it/signin
login,https://scoop.it/account/login
home,https://scribd.com
login,https://scribd.com/login
login,https://scribd.com/signin
login,https://scribd.com/account/login
home,https://search.yahoo.com
login,https://search.yahoo.com/login
login,https://search.yahoo.com/signin
login,https://search.yahoo.com/account/login
home,https://secureserver.net
login,https://secureserver.net/login
login,https://secureserver.net/signin
login,https://secureserver.net/account/login
home,https://sedo.com
login,https://sedo.com/login
login,https://sedo.com/signin
login,https://sedo.com/account/login
home,https://sendspace.com
login,https://sendspace.com/login
login,https://sendspace.com/signin
login,https://sendspace.com/account/login
home,https://service-public.fr
login,https://service-public.fr/login
login,https://service-public.fr/signin
login,https://service-public.fr/account/login
home,https://sfgate.com
login,https://sfgate.com/login
login,https://sfgate.com/signin
login,https://sfgate.com/account/login
home,https://shopify.com
login,https://shopify.com/login
login,https://shopify.com/signin
login,https://shopify.com/account/login
home,https://shutterstock.com
login,https://shutterstock.com/login
login,https://shutterstock.com/signin
login,https://shutterstock.com/account/login
home,https://sites.google.com
login,https://sites.google.com/login
login,https://sites.google.com/signin
login,https://sites.google.com/account/login
home,https://skype.com
login,https://skype.com/login
login,https://skype.com/signin
login,https://skype.com/account/login
home,https://slideshare.net
login,https://slideshare.net/login
login,https://slideshare.net/signin
login,https://slideshare.net/account/login
home,https://smh.com.au
login,https://smh.com.au/login
login,https://smh.com.au/signin
login,https://smh.com.au/account/login
home,https://soundcloud.com
login,https://soundcloud.com/login
login,https://soundcloud.com/signin
login,https://soundcloud.com/account/login
home,https://spiegel.de
login,https://spiegel.de/login
login,https://spiegel.de/signin
login,https://spiegel.de/account/login
home,https://spotify.com
login,https://spotify.com/login
login,https://spotify.com/signin
login,https://spotify.com/account/login
home,https://springer.com
login,https://springer.com/login
login,https://springer.com/signin
login,https://springer.com/account/login
home,https://sputniknews.com
login,https://sputniknews.com/login
login,https://sputniknews.com/signin
login,https://sputniknews.com/account/login
home,https://ssl-images-amazon.com
login,https://ssl-images-amazon.com/login
login,https://ssl-images-amazon.com/signin
login,https://ssl-images-amazon.com/account/login
home,https://standard.co.uk
login,https://standard.co.uk/login
login,https://standard.co.uk/signin
login,https://standard.co.uk/account/login
home,https://stanford.edu
login,https://stanford.edu/login
login,https://stanford.edu/signin
login,https://stanford.edu/account/login
home,https://state.gov
login,https://state.gov/login
login,https://state.gov/signin
login,https://state.gov/account/login
home,https://statista.com
login,https://statista.com/login
login,https://statista.com/signin
login,https://statista.com/account/login
home,https://steampowered.com
login,https://steampowered.com/login
login,https://steampowered.com/signin
login,https://steampowered.com/account/login
home,https://storage.googleapis.com
login,https://storage.googleapis.com/login
login,https://storage.googleapis.com/signin
login,https://storage.googleapis.com/account/login
home,https://sueddeutsche.de
login,https://sueddeutsche.de/login
login,https://sueddeutsche.de/signin
login,https://sueddeutsche.de/account/login
home,https://support.google.com
login,https://support.google.com/login
login,https://support.google.com/signin
login,https://support.google.com/account/login
home,https://surveymonkey.com
login,https://surveymonkey.com/login
login,https://surveymonkey.com/signin
login,https://surveymonkey.com/account/login
home,https://t-online.de
login,https://t-online.de/login
login,https://t-online.de/signin
login,https://t-online.de/account/login
home,https://t.co
login,https://t.co/login
login,https://t.co/signin
login,https://t.co/account/login
home,https://t.ly
login,https://t.ly/login
login,https://t.ly/signin
login,https://t.ly/account/login
home,https://t.me
login,https://t.me/login
login,https://t.me/signin
login,https://t.me/account/login
home,https://tandfonline.com
login,https://tandfonline.com/login
login,https://tandfonline.com/signin
login,https://tandfonline.com/account/login
home,https://taringa.net
login,https://taringa.net/login
login,https://taringa.net/signin
login,https://taringa.net/account/login
home,https://teamviewer.com
login,https://teamviewer.com/login
login,https://teamviewer.com/signin
login,https://teamviewer.com/account/login
home,https://techcrunch.com
login,https://techcrunch.com/login
login,https://techcrunch.com/signin
login,https://techcrunch.com/account/login
home,https://ted.com
login,https://ted.com/login
login,https://ted.com/signin
login,https://ted.com/account/login
home,https://telegra.ph
login,https://telegra.ph/login
login,https://telegra.ph/signin
login,https://telegra.ph/account/login
home,https://telegram.me
login,https://telegram.me/login
login,https://telegram.me/signin
login,https://telegram.me/account/login
home,https://telegram.org
login,https://telegram.org/login
login,https://telegram.org/signin
login,https://telegram.org/account/login
home,https://telegraph.co.uk
login,https://telegraph.co.uk/login
login,https://telegraph.co.uk/signin
login,https://telegraph.co.uk/account/login
home,https://terra.com.br
login,https://terra.com.br/login
login,https://terra.com.br/signin
login,https://terra.com.br/account/login
home,https://theatlantic.com
login,https://theatlantic.com/login
login,https://theatlantic.com/signin
login,https://theatlantic.com/account/login
home,https://theguardian.com
login,https://theguardian.com/login
login,https://theguardian.com/signin
login,https://theguardian.com/account/login
home,https://themeforest.net
login,https://themeforest.net/login
login,https://themeforest.net/signin
login,https://themeforest.net/account/login
home,https://thenai.org
login,https://thenai.org/login
login,https://thenai.org/signin
login,https://thenai.org/account/login
home,https://thesun.co.uk
login,https://thesun.co.uk/login
login,https://thesun.co.uk/signin
login,https://thesun.co.uk/account/login
home,https://thetimes.co.uk
login,https://thetimes.co.uk/login
login,https://thetimes.co.uk/signin
login,https://thetimes.co.uk/account/login
home,https://theverge.com
login,https://theverge.com/login
login,https://theverge.com/signin
login,https://theverge.com/account/login
home,https://thoughtco.com
login,https://thoughtco.com/login
login,https://thoughtco.com/signin
login,https://thoughtco.com/account/login
home,https://tiktok.com
login,https://tiktok.com/login
login,https://tiktok.com/signin
login,https://tiktok.com/account/login
home,https://time.com
login,https://time.com/login
login,https://time.com/signin
login,https://time.com/account/login
home,https://timeweb.ru
login,https://timeweb.ru/login
login,https://timeweb.ru/signin
login,https://timeweb.ru/account/login
home,https://tinyurl.com
login,https://tinyurl.com/login
login,https://tinyurl.com/signin
login,https://tinyurl.com/account/login
home,https://tmz.com
login,https://tmz.com/login
login,https://tmz.com/signin
login,https://tmz.com/account/login
home,https://tools.google.com
login,https://tools.google.com/login
login,https://tools.google.com/signin
login,https://tools.google.com/account/login
home,https://translate.google.com
login,https://translate.google.com/login
login,https://translate.google.com/signin
login,https://translate.google.com/account/login
home,https://tripadvisor.com
login,https://tripadvisor.com/login
login,https://tripadvisor.com/signin
login,https://tripadvisor.com/account/login
home,https://trustpilot.com
login,https://trustpilot.com/login
login,https://trustpilot.com/signin
login,https://trustpilot.com/account/login
home,https://twimg.com
login,https://twimg.com/login
login,https://twimg.com/signin
login,https://twimg.com/account/login
home,https://twitch.tv
login,https://twitch.tv/login
login,https://twitch.tv/signin
login,https://twitch.tv/account/login
home,https://twitter.com
login,https://twitter.com/login
login,https://twitter.com/signin
login,https://twitter.com/account/login
home,https://typeform.com
login,https://typeform.com/login
login,https://typeform.com/signin
login,https://typeform.com/account/login
home,https://ucoz.ru
login,https://ucoz.ru/login
login,https://ucoz.ru/signin
login,https://ucoz.ru/account/login
home,https://uefa.com
login,https://uefa.com/login
login,https://uefa.com/signin
login,https://uefa.com/account/login
home,https://un.org
login,https://un.org/login
login,https://un.org/signin
login,https://un.org/account/login
home,https://unesco.org
login,https://unesco.org/login
login,https://unesco.org/signin
login,https://unesco.org/account/login
home,https://unicef.org
login,https://unicef.org/login
login,https://unicef.org/signin
login,https://unicef.org/account/login
home,https://unsplash.com
login,https://unsplash.com/login
login,https://unsplash.com/signin
login,https://unsplash.com/account/login
home,https://uol.com.br
login,https://uol.com.br/login
login,https://uol.com.br/signin
login,https://uol.com.br/account/login
home,https://usatoday.com
login,https://usatoday.com/login
login,https://usatoday.com/signin
login,https://usatoday.com/account/login
home,https://usda.gov
login,https://usda.gov/login
login,https://usda.gov/signin
login,https://usda.gov/account/login
home,https://usgs.gov
login,https://usgs.gov/login
login,https://usgs.gov/signin
login,https://usgs.gov/account/login
home,https://usnews.com
login,https://usnews.com/login
login,https://usnews.com/signin
login,https://usnews.com/account/login
home,https://utexas.edu
login,https://utexas.edu/login
login,https://utexas.edu/signin
login,https://utexas.edu/account/login
home,https://variety.com
login,https://variety.com/login
login,https://variety.com/signin
login,https://variety.com/account/login
home,https://vice.com
login,https://vice.com/login
login,https://vice.com/signin
login,https://vice.com/account/login
home,https://vimeo.com
login,https://vimeo.com/login
login,https://vimeo.com/signin
login,https://vimeo.com/account/login
home,https://vistaprint.com
login,https://vistaprint.com/login
login,https://vistaprint.com/signin
login,https://vistaprint.com/account/login
home,https://vk.com
login,https://vk.com/login
login,https://vk.com/signin
login,https://vk.com/account/login
home,https://vkontakte.ru
login,https://vkontakte.ru/login
login,https://vkontakte.ru/signin
login,https://vkontakte.ru/account/login
home,https://w3.org
login,https://w3.org/login
login,https://w3.org/signin
login,https://w3.org/account/login
home,https://wa.me
login,https://wa.me/login
login,https://wa.me/signin
login,https://wa.me/account/login
home,https://walmart.com
login,https://walmart.com/login
login,https://walmart.com/signin
login,https://walmart.com/account/login
home,https://washingtonpost.com
login,https://washingtonpost.com/login
login,https://washingtonpost.com/signin
login,https://washingtonpost.com/account/login
home,https://webmd.com
login,https://webmd.com/login
login,https://webmd.com/signin
login,https://webmd.com/account/login
home,https://webnode.page
login,https://webnode.page/login
login,https://webnode.page/signin
login,https://webnode.page/account/login
home,https://weibo.com
login,https://weibo.com/login
login,https://weibo.com/signin
login,https://weibo.com/account/login
home,https://welt.de
login,https://welt.de/login
login,https://welt.de/signin
login,https://welt.de/account/login
home,https://whatsapp.com
login,https://whatsapp.com/login
login,https://whatsapp.com/signin
login,https://whatsapp.com/account/login
home,https://whitehouse.gov
login,https://whitehouse.gov/login
login,https://whitehouse.gov/signin
login,https://whitehouse.gov/account/login
home,https://who.int
login,https://who.int/login
login,https://who.int/signin
login,https://who.int/account/login
home,https://wikia.com
login,https://wikia.com/login
login,https://wikia.com/signin
login,https://wikia.com/account/login
home,https://wikihow.com
login,https://wikihow.com/login
login,https://wikihow.com/signin
login,https://wikihow.com/account/login
home,https://wikimedia.org
login,https://wikimedia.org/login
login,https://wikimedia.org/signin
login,https://wikimedia.org/account/login
home,https://wiley.com
login,https://wiley.com/login
login,https://wiley.com/signin
login,https://wiley.com/account/login
home,https://windows.net
login,https://windows.net/login
login,https://windows.net/signin
login,https://windows.net/account/login
home,https://wired.com
login,https://wired.com/login
login,https://wired.com/signin
login,https://wired.com/account/login
home,https://wordpress.org
login,https://wordpress.org/login
login,https://wordpress.org/signin
login,https://wordpress.org/account/login
home,https://workspace.google.com
login,https://workspace.google.com/login
login,https://workspace.google.com/signin
login,https://workspace.google.com/account/login
home,https://wp.com
login,https://wp.com/login
login,https://wp.com/signin
login,https://wp.com/account/login
home,https://wsj.com
login,https://wsj.com/login
login,https://wsj.com/signin
login,https://wsj.com/account/login
home,https://www.blogger.com
login,https://www.blogger.com/login
login,https://www.blogger.com/signin
login,https://www.blogger.com/account/login
home,https://www.google.com
login,https://www.google.com/login
login,https://www.google.com/signin
login,https://www.google.com/account/login
home,https://www.gov.br
login,https://www.gov.br/login
login,https://www.gov.br/signin
login,https://www.gov.br/account/login
home,https://www.gov.uk
login,https://www.gov.uk/login
login,https://www.gov.uk/signin
login,https://www.gov.uk/account/login
home,https://www.livejournal.com
login,https://www.livejournal.com/login
login,https://www.livejournal.com/signin
login,https://www.livejournal.com/account/login
home,https://www.over-blog.com
login,https://www.over-blog.com/login
login,https://www.over-blog.com/signin
login,https://www.over-blog.com/account/login
home,https://www.weebly.com
login,https://www.weebly.com/login
login,https://www.weebly.com/signin
login,https://www.weebly.com/account/login
home,https://www.wikipedia.org
login,https://www.wikipedia.org/login
login,https://www.wikipedia.org/signin
login,https://www.wikipedia.org/account/login
home,https://www.wix.com
login,https://www.wix.com/login
login,https://www.wix.com/signin
login,https://www.wix.com/account/login
home,https://www.yahoo.com
login,https://www.yahoo.com/login
login,https://www.yahoo.com/signin
login,https://www.yahoo.com/account/login
home,https://x.com
login,https://x.com/login
login,https://x.com/signin
login,https://x.com/account/login
home,https://yadi.sk
login,https://yadi.sk/login
login,https://yadi.sk/signin
login,https://yadi.sk/account/login
home,https://yahoo.co.jp
login,https://yahoo.co.jp/login
login,https://yahoo.co.jp/signin
login,https://yahoo.co.jp/account/login
home,https://yandex.com
login,https://yandex.com/login
login,https://yandex.com/signin
login,https://yandex.com/account/login
home,https://yandex.ru
login,https://yandex.ru/login
login,https://yandex.ru/signin
login,https://yandex.ru/account/login
home,https://yelp.com
login,https://yelp.com/login
login,https://yelp.com/signin
login,https://yelp.com/account/login
home,https://youronlinechoices.com
login,https://youronlinechoices.com/login
login,https://youronlinechoices.com/signin
login,https://youronlinechoices.com/account/login
home,https://youtu.be
login,https://youtu.be/login
login,https://youtu.be/signin
login,https://youtu.be/account/login
home,https://youtube.com
login,https://youtube.com/login
login,https://youtube.com/signin
login,https://youtube.com/account/login
home,https://ytimg.com
login,https://ytimg.com/login
login,https://ytimg.com/signin
login,https://ytimg.com/account/login
home,https://zdf.de
login,https://zdf.de/login
login,https://zdf.de/signin
login,https://zdf.de/account/login
home,https://zendesk.com
login,https://zendesk.com/login
login,https://zendesk.com/signin
login,https://zendesk.com/account/login
home,https://ziddu.com
login,https://ziddu.com/login
login,https://ziddu.com/signin
login,https://ziddu.com/account/login
home,https://zippyshare.com
login,https://zippyshare.com/login
login,https://zippyshare.com/signin
login,https://zippyshare.com/account/login
home,https://zoom.us
login,https://zoom.us/login
login,https://zoom.us/signin
login,https://zoom.us/account/login
